UserEmail,UserName,PasswordHash,Owner,FarmName,Address
pamela60@foley.com,Carlos Smith,)5g#%rYear3H,False,West Kimberlyshire Farm,33267 Kevin Extensions Apt. 229  Lake Moniquefort  HI 15834
websterterri@gmail.com,Robert Thomas,W*VbDjHwD)Q3,False,New Codyview Fields,02165 Jordan Shoal  Lake Audrey  IN 88316
tammy83@hotmail.com,Crystal Smith,hyN!2Ugl%Xd$,True,New Codyview Fields,02165 Jordan Shoal  Lake Audrey  IN 88316
mcleanheather@molina.biz,Phillip Williams,q&4&dwt#&sVN,False,New Codyview Fields,02165 Jordan Shoal  Lake Audrey  IN 88316
fpalmer@hancock.com,Anthony Huber,&#lLIHfRN04t,True,Thomasview Greenhouse,0048 Lisa Parkway  North Nicoleborough  CO 23839
charles04@gonzalez-young.info,Jennifer Robinson,Z2J2(7ld6#9n,False,Thomasview Greenhouse,0048 Lisa Parkway  North Nicoleborough  CO 23839
jacobhancock@chen-wilson.biz,George Conway,Z#w+1AuQKv50,False,Ginachester Fields,Unit 8560 Box 6734  DPO AE 00538
gardnershelly@hotmail.com,Brittney Kirby,+8+oXW)czOnK,True,Ginachester Fields,Unit 8560 Box 6734  DPO AE 00538
judith76@hotmail.com,Christina Watts,%32mAFgf$1tZ,True,Davidview Fields,1961 Christopher Views Apt. 784  Martinezchester  SC 07942
juliemaxwell@reed-gilbert.com,Debra Todd,BRk^*Cl80!$3,True,Davidview Fields,1961 Christopher Views Apt. 784  Martinezchester  SC 07942
ricardo42@velasquez.com,Nichole Howe,i_oprHngoZ4M,True,Davidview Fields,1961 Christopher Views Apt. 784  Martinezchester  SC 07942
josephprice@rivera.com,Michael Thomas,22s_7rYvka9K,True,Port Mary Orchard,47953 Donald Spring Suite 615  Port Joannfort  DC 02268
operez@yahoo.com,Christopher Thomas,m&7BfPJap90X,True,Robertshire Plantation,1795 Anita Route Suite 865  Thomaston  OR 56886
sandovalmatthew@davidson-mcdonald.net,Brian Carter,!X0nFWTgUNeX,True,Campbelltown Farm,043 Dawn Garden Apt. 734  Tranchester  LA 55736
macdonaldmaria@gonzales-harper.info,Anthony Morgan,$l7yJwQp$gvG,True,North Brittanytown Farm,2295 Lisa Trail  Port Tanyamouth  ID 96424
isaiahholloway@wolfe.com,Paul Lawson,4r2GE8fOo+BQ,True,Robertsonberg Greenhouse,0089 Richardson Neck  North Brianfort  HI 07054
johnnysmith@mendoza.biz,Jason Davis,O%%1sGva!m*s,True,Robertsonberg Greenhouse,0089 Richardson Neck  North Brianfort  HI 07054
brian58@hotmail.com,Alexis Howard,*9+vR+ND$frv,True,Hansonchester Orchard,8791 Michael Crest  West Steveshire  IL 74234
robertobrien@diaz.net,Sarah Williams,$3WEdt9r%XAm,False,Hansonchester Orchard,8791 Michael Crest  West Steveshire  IL 74234
rwall@brown.com,Natalie White,BdD2#hEn&e69,False,Hansonchester Orchard,8791 Michael Crest  West Steveshire  IL 74234
jeffrey32@wang.biz,Lee Brady,2t5nm^lj&&FL,False,Pittstown Farm,9041 Fisher Loaf  Garciaville  OK 38562
erica19@yahoo.com,Elizabeth Morales,&1JyRLKVkw!*,True,Pittstown Farm,9041 Fisher Loaf  Garciaville  OK 38562
bryan63@parker.com,Joseph Morris,KGkZPQe^5)o1,False,New Wandaview Orchard,7801 Patrick Plains  Nancystad  OH 64554
vdavis@gmail.com,Jamie Barajas,_k5!AbxcL3Gc,False,New Wandaview Orchard,7801 Patrick Plains  Nancystad  OH 64554
howarddean@long-griffin.com,Tiffany Green,W%w1BvUR#7PJ,True,Port Laurenshire Greenhouse,1618 Susan Circle Apt. 073  Richmondfurt  WV 52804
derrickwilliams@miller.net,Mary Dixon,T74@(kznJ(rY,True,Port Laurenshire Greenhouse,1618 Susan Circle Apt. 073  Richmondfurt  WV 52804
robertlove@bennett-harris.com,Stephanie Cameron,NSBw@o_k*7UL,False,Port Laurenshire Greenhouse,1618 Susan Circle Apt. 073  Richmondfurt  WV 52804
fullerjoseph@klein.com,Joel Huerta,_j8dbhX1L(JX,True,West Garyfort Orchard,510 Mosley Estates  South Catherine  WI 56108
payers@nielsen.com,Alicia Roberts MD,M+E2Qkus$jGA,False,West Garyfort Orchard,510 Mosley Estates  South Catherine  WI 56108
sarah24@hotmail.com,Connie Zamora,@b23KytK^YQZ,False,West Garyfort Orchard,510 Mosley Estates  South Catherine  WI 56108
tammymejia@burns.org,Roy Clark,4_9qSPiW0$NS,True,Port Hectorton Farm,Unit 5194 Box 1378  DPO AP 97140
jacobscatherine@gmail.com,Mary Best,8J_ZbjUG!yIu,True,Port Hectorton Farm,Unit 5194 Box 1378  DPO AP 97140
penningtontristan@collier.com,Kyle Allen,&#R6gPt&QiX+,True,Port Hectorton Farm,Unit 5194 Box 1378  DPO AP 97140
yconway@hayes.biz,Kimberly Madden,5mZIKITh$q&u,False,Nathanielshire Fields,4273 Christopher Walks Apt. 892  Andersonhaven  HI 08851
huynhbrianna@yahoo.com,Michael Romero,mWkc7QfneL#f,True,West Tammy Plantation,PSC 6623  Box 3384  APO AA 77688
shannon06@hotmail.com,Erika Barnett,)9zPkdknI4E8,True,West Tammy Plantation,PSC 6623  Box 3384  APO AA 77688
howardmargaret@bennett-kirby.com,Andre Morrow,m2!dW30xvpJ@,False,West Tammy Plantation,PSC 6623  Box 3384  APO AA 77688
btaylor@yahoo.com,Michael Clark,A#3OOWBd)K&L,False,Allenstad Farm,32464 Davis Mountains  Alvaradobury  OR 44509
grahamtony@hotmail.com,Kayla Patton,b*26aGb7CgrS,False,Allenstad Farm,32464 Davis Mountains  Alvaradobury  OR 44509
lauren02@hotmail.com,Jeremy Ramsey,NUpQcC1o_4Vv,True,Allenstad Farm,32464 Davis Mountains  Alvaradobury  OR 44509
edelacruz@gmail.com,Katrina Alvarez,vix34*Stg*Yt,True,Dianaside Greenhouse,143 Barton Lake  Alecland  NE 65814
nicholsonamy@yahoo.com,Aimee Cook,&5N6W0(ob8Ts,True,Dianaside Greenhouse,143 Barton Lake  Alecland  NE 65814
ncarlson@gmail.com,John Rosario,&Ft7TfgY*!jY,True,Dianaside Greenhouse,143 Barton Lake  Alecland  NE 65814
kennethmartin@gmail.com,Michael Oconnor,s6r&CSlO!V#_,False,Lake Richard Plantation,PSC 8228  Box 7912  APO AP 71818
marksian@yahoo.com,Kevin Kim,Iar1^hTkXj@),False,Lake Richard Plantation,PSC 8228  Box 7912  APO AP 71818
benjamingreen@hotmail.com,Erin Serrano,8w7Qe@BS*!eN,True,North Kari Fields,4026 Soto Well Apt. 874  Reginatown  MA 64731
jay94@jones.com,Eric Rocha,c6VHDL5o*Do#,True,Port Travisshire Orchard,526 Mccarthy Branch  Port Joanburgh  FL 77434
fsandoval@wagner-snyder.com,Michelle Berry DVM,_z(9aI6v2d2H,True,Port Travisshire Orchard,526 Mccarthy Branch  Port Joanburgh  FL 77434
andrewholmes@morrow-sosa.com,Margaret Martinez,N!7am%5MLskX,False,New Johnview Greenhouse,137 Dustin Forks Suite 198  West Joseph  NV 41543
chernandez@hotmail.com,Charles Foster,kS(1SrYMUefT,False,New Johnview Greenhouse,137 Dustin Forks Suite 198  West Joseph  NV 41543
kellycontreras@lewis-lee.com,Tiffany Davis,&g1R)Dpyg(D0,True,New Johnview Greenhouse,137 Dustin Forks Suite 198  West Joseph  NV 41543
adamchambers@hotmail.com,Andrea Pierce,%033py02cgVI,False,Johnstonton Farm,11643 Smith Village Suite 774  Jamesshire  KS 10286
jacobferguson@hotmail.com,Joyce Michael,T!zYnvYE9!3V,False,Johnstonton Farm,11643 Smith Village Suite 774  Jamesshire  KS 10286
ngraham@yahoo.com,Amanda Keller,5T6%pcBc_CXx,False,West James Farm,52151 Mario Courts  Welchmouth  SD 78668
matthew31@hotmail.com,Krista Brooks,$$lz09jtD5Aw,True,North Aprilfort Farm,21247 Craig Branch Suite 522  East Justin  NM 41816
griffinthomas@gmail.com,Kristopher Middleton,u)$21DyoR_)b,True,South Donaldfurt Farm,0415 Hughes Drive  Lake Debra  IA 29115
moniquedaniels@nixon.info,Christy Farmer,e6FGY0An&cy*,True,South Donaldfurt Farm,0415 Hughes Drive  Lake Debra  IA 29115
jcarroll@alvarez-george.com,Vanessa Archer,reiwSAo$l&0i,True,North Davidfort Farm,068 Mcdowell Forest  West Brian  OH 47824
stephanie01@williams-monroe.biz,Sarah Henderson,!6_63dWo+#B(,False,North Davidfort Farm,068 Mcdowell Forest  West Brian  OH 47824
hunter11@hotmail.com,Courtney Chapman,@FLv9XSb1b@&,True,Rayfort Greenhouse,08276 Jason Plains  Lake Jamesmouth  PA 40249
rogerdavis@schultz.com,Joshua Reed,F)8R$9M#TzBP,True,Rayfort Greenhouse,08276 Jason Plains  Lake Jamesmouth  PA 40249
gregoryanderson@gmail.com,Tiffany Wang,xpODeHvw(MN1,True,Rayfort Greenhouse,08276 Jason Plains  Lake Jamesmouth  PA 40249
nflynn@gmail.com,Christina Rice,dE1ffgw$&QBU,True,Smithport Greenhouse,21608 Davila Brook Suite 958  Kathyfurt  AL 72723
lzavala@yahoo.com,Michael Martin,!e6uuLg0S0U(,True,Smithport Greenhouse,21608 Davila Brook Suite 958  Kathyfurt  AL 72723
hcontreras@gmail.com,Jacqueline Boyd,_7(R6cCbzK!!,False,Ronaldhaven Farm,Unit 9689 Box 2176  DPO AE 07231
dianatorres@gmail.com,Bianca Ward,7PPuIRCf%I7e,False,Ronaldhaven Farm,Unit 9689 Box 2176  DPO AE 07231
kevinpace@smith.biz,Jackson Rodriguez,^3Co@&Cy8ZXn,True,Ronaldhaven Farm,Unit 9689 Box 2176  DPO AE 07231
zgonzalez@yahoo.com,Cory Jones,gqM@3(IizANc,False,Donaldview Plantation,04240 Lindsey Mountain Apt. 624  North Suzannetown  AK 42785
nbaker@hotmail.com,Benjamin Clark,%07YUtAci##(,False,Donaldview Plantation,04240 Lindsey Mountain Apt. 624  North Suzannetown  AK 42785
brandonmartin@ruiz.com,Brooke Russell,2dS3A0HoZ*S1,True,Donaldview Plantation,04240 Lindsey Mountain Apt. 624  North Suzannetown  AK 42785
amy27@beasley.com,Duane Murphy,(t$eMNhb0teq,True,Kevinfort Greenhouse,USCGC Smith  FPO AA 48832
andrew75@aguilar.info,Sergio Contreras,^pj1c+R7k5QE,False,Lake Victortown Greenhouse,702 Michelle Squares Apt. 223  North Ronald  NC 57715
amanda04@taylor-brooks.com,Natasha Sullivan,B!8_kia82m0Q,False,Lake Victortown Greenhouse,702 Michelle Squares Apt. 223  North Ronald  NC 57715
ryanhowell@barnes.biz,Clarence Ward,)c%r_Ltuy)&3,False,South Tara Fields,30598 Herman Coves Apt. 952  Higginsview  AL 57308
vcannon@yahoo.com,Amanda Hanson,O*X94UFnailY,True,South Tara Fields,30598 Herman Coves Apt. 952  Higginsview  AL 57308
loganlauren@gmail.com,Thomas Rice,NINQ@hND(4k^,False,East Wendyton Plantation,885 Gonzalez Corner  Smithburgh  WY 67518
stephen42@watson.biz,Renee Vega,3@A9J&BqISP*,False,Jenniferport Plantation,6476 Colon Inlet  North Kevin  VT 29772
amy22@keller.com,Yvonne Davis,&8GqyjwMQ5VY,True,Jenniferport Plantation,6476 Colon Inlet  North Kevin  VT 29772
hswanson@roberts-kelley.com,John Hodges,iT&&Ydrnw(6Z,False,Jenniferport Plantation,6476 Colon Inlet  North Kevin  VT 29772
jesus60@irwin-campbell.net,Jessica Perez,*@&sRBhH26vf,False,Gutierrezmouth Fields,2799 Roberts Pines  Port Jacqueline  IA 96335
maldonadorebecca@martinez.net,Kimberly Hooper,i!8Nyufw7PkI,False,Gutierrezmouth Fields,2799 Roberts Pines  Port Jacqueline  IA 96335
jeffreyyu@hotmail.com,Jessica Hopkins,$)Q1NuCn$^#k,False,Gutierrezmouth Fields,2799 Roberts Pines  Port Jacqueline  IA 96335
christina00@hotmail.com,Holly Larson,(&VyXmJsWb9X,False,Raymouth Farm,050 Dougherty Shoal Apt. 472  Williamsland  MD 60349
scotttaylor@yahoo.com,Karen Scott,!RKC!81y95Mp,False,Lake Morganport Orchard,75791 Shane Knoll  Mooreville  WY 85823
vestes@gmail.com,Ms. Sonya Riley DVM,P9Q%UZcMyq%J,True,Lake Morganport Orchard,75791 Shane Knoll  Mooreville  WY 85823
esoto@ellis.com,Brendan Murphy,_^#xXnG809O8,False,Lake Morganport Orchard,75791 Shane Knoll  Mooreville  WY 85823
kathryn68@foster.com,Dwayne Griffith,$7KCvon2+3ng,False,North Jeremy Plantation,Unit 6509 Box 5365  DPO AE 35996
wlewis@yahoo.com,Nancy Sanchez,Ck(7ASoU*A5c,False,North Jeremy Plantation,Unit 6509 Box 5365  DPO AE 35996
xtrujillo@thompson.com,Dustin Caldwell,W5uvc$%n)xvV,False,North Jeremy Plantation,Unit 6509 Box 5365  DPO AE 35996
scottjohnson@roberts-harrison.com,Rebecca Mitchell,k!iW1GiGMp2g,False,Harrisland Farm,3421 Gibson Court  Nicholasfurt  KY 03710
mccarthyjoanna@yahoo.com,Jordan Martin,!4FCPkNnzBcg,False,West Jeffreyside Orchard,40149 Martin Club Apt. 716  Kevinmouth  IL 21922
jeffreyshields@acevedo.biz,Angela Price,B0sQuJWew(64,True,Walkerview Farm,479 Little Wells  Buckfort  FL 70396
lgonzalez@frazier.com,Amy Myers,uM@xT8eq+8m&,False,Walkerview Farm,479 Little Wells  Buckfort  FL 70396
andersonvalerie@wagner-berry.com,Hannah Miller,250MInXwe#y&,True,Dianeport Orchard,132 Huang Hills  New Carmenton  MI 14245
jacksonmichelle@hotmail.com,Paul Rosales,!_OfCZEw64^M,False,Dianeport Orchard,132 Huang Hills  New Carmenton  MI 14245
hammonddrew@eaton.com,Keith Gibson,+fc5Gs0tUrln,True,Dianeport Orchard,132 Huang Hills  New Carmenton  MI 14245
loganbobby@larson-carter.com,Michelle Christensen,CK$2XrY_Pq!z,True,Paulfort Greenhouse,5932 Julie Streets  Nathanmouth  VA 47493
margaret64@yahoo.com,Matthew Carey,*6i4W&aWe#g5,True,Paulfort Greenhouse,5932 Julie Streets  Nathanmouth  VA 47493
sherimccarty@yahoo.com,Kimberly Martinez,GC!DaP8p^8ch,True,Larryville Greenhouse,15580 Samuel Ridge Apt. 470  Ortizshire  SC 59962
goodmancharles@mejia.com,Casey Barber,_8V4&Dkcy0^b,False,Greenport Greenhouse,793 Thomas Branch  Leonbury  SC 40061
anthony75@hotmail.com,Antonio Baker Jr.,5%b19FZx7n*b,False,East Ronaldborough Plantation,384 Jim Point Suite 342  Port Chadfort  OK 08943
lalexander@yahoo.com,Brenda Cruz,^K29J2MaCw@P,False,Kimberlybury Fields,Unit 0088 Box 1715  DPO AE 12202
pjordan@grant-taylor.biz,Ashley Robinson,P3EBQta+*9Vd,False,Kimberlybury Fields,Unit 0088 Box 1715  DPO AE 12202
brandonanderson@yahoo.com,Dana Butler,SCMfI3oH@6Fa,False,Kimberlybury Fields,Unit 0088 Box 1715  DPO AE 12202
oconway@rojas.com,Barbara Dillon,W*YuQmK*rdW1,True,Claudiatown Farm,499 Sanders Lake Apt. 594  Port Gary  CA 67898
sscott@gmail.com,Alyssa Vega,YbL5J59yKb%!,False,Claudiatown Farm,499 Sanders Lake Apt. 594  Port Gary  CA 67898
gibsonchristian@moore.net,Kristen Brown,NOp9n@BB!)wZ,True,Lake Allenfort Plantation,9148 Welch Meadows  New Justinburgh  AR 34928
gregorymclean@booker.net,Kyle Martinez,X+u+38EjaLvZ,True,Lake Allenfort Plantation,9148 Welch Meadows  New Justinburgh  AR 34928
alexisvargas@warren.com,Christopher Garza,Jm0zltZK4oP),True,Lake Allenfort Plantation,9148 Welch Meadows  New Justinburgh  AR 34928
rosalesheidi@hotmail.com,Denise Anderson,rnhoWqhR!2mu,True,West Candicechester Farm,4822 Harvey Plaza  New Glendaburgh  PA 24003
stephen38@hotmail.com,Mr. Frank Callahan,rP7oUyaQ@4wX,False,West Candicechester Farm,4822 Harvey Plaza  New Glendaburgh  PA 24003
yoneill@parrish.com,Cynthia Roberts,M*vnE99dzT^l,True,West Candicechester Farm,4822 Harvey Plaza  New Glendaburgh  PA 24003
georgemartinez@white.com,Adrian Russell,)g%Eo^Gho4KH,True,Millerfurt Plantation,49483 Robert Knoll Apt. 287  West Ashleymouth  NM 43510
marilynthomas@hotmail.com,Melissa Jackson,^$4DQj*#b$m^,True,Kylemouth Orchard,35112 Joseph Causeway  Rachelmouth  ME 88272
carrie73@singh.info,Lauren Sims,Sa6J)ZlM*aNR,True,Kylemouth Orchard,35112 Joseph Causeway  Rachelmouth  ME 88272
cruzkelsey@gmail.com,Nicole Wong,ykRWuV@fg$91,False,Bowenmouth Farm,36978 King Estate Suite 745  Aaronland  IN 83192
larsenbrenda@gmail.com,Kelli Henry,!nUXgK(rI16P,True,Nortonhaven Greenhouse,USCGC Cardenas  FPO AA 11055
gonzalezshawn@young.info,Andrew Dunn MD,veAMwOlq^8OQ,False,Nortonhaven Greenhouse,USCGC Cardenas  FPO AA 11055
melinda38@harris.org,Jacob Ford,(85_QiHoMqyT,False,New Alexastad Plantation,8108 Candace Point  West Stuart  KS 81326
andersonroy@singleton.com,Jamie Pham,u$b&Vuly_)11,True,New Alexastad Plantation,8108 Candace Point  West Stuart  KS 81326
robertperkins@hotmail.com,Kyle Rasmussen,#xpnGuVs^7t&,False,West Chloe Plantation,3160 Snow Glens  Scottport  CO 94116
shawnfloyd@yahoo.com,Dennis Perez,H1%DRoJi9_40,False,West Chloe Plantation,3160 Snow Glens  Scottport  CO 94116
shannoncastillo@davis-johnson.com,Marissa Berry,L45jSS0n(iM#,True,West Chloe Plantation,3160 Snow Glens  Scottport  CO 94116
jsmith@yahoo.com,Carrie Lee,Zn4tC#9dh&c0,False,Amandafort Farm,90693 Lynch Common  Kellybury  NJ 58735
aalexander@gonzalez.biz,Darren Burgess,^J%7DxyLeSrW,False,Amandafort Farm,90693 Lynch Common  Kellybury  NJ 58735
bennettcorey@hotmail.com,Kathryn Avery,@z(%X!N2t7kT,False,Amandafort Farm,90693 Lynch Common  Kellybury  NJ 58735
bsalinas@smith-armstrong.com,Tina Green,3Jm+mlCW$EDx,True,New William Plantation,482 James Road Suite 407  Samanthastad  IL 45382
rjenkins@gmail.com,Sarah Miller,#G4Mks3tD1QU,True,Andersonburgh Farm,675 Hall Fields Apt. 965  Gilbertside  IN 73472
johnpatterson@bauer.biz,Jasmine Sanchez,&lc8PfbHl#9O,False,Andersonburgh Farm,675 Hall Fields Apt. 965  Gilbertside  IN 73472
gomezann@hodges.com,Trevor Spears,f_22zumoO(5X,True,Andersonburgh Farm,675 Hall Fields Apt. 965  Gilbertside  IN 73472
hamptonrichard@garcia-henry.info,Mrs. Brianna Terry,CT2SYz8P#lra,False,Anthonytown Fields,85688 Valenzuela Glens  Port Kathleenhaven  RI 53612
vegajoshua@morales-smith.net,Teresa Young,klet^H9x!P03,True,Kleinport Farm,7752 Haley Views  Cheyennebury  SC 48469
denisedoyle@perez-scott.biz,Anthony Miller,nO!VP1St90_b,False,Kleinport Farm,7752 Haley Views  Cheyennebury  SC 48469
krivera@rodriguez-ellis.com,Destiny Medina,fn9+2StY18k+,True,Miguelhaven Fields,492 Weaver Hollow  Laurenport  WY 84238
ywells@yahoo.com,Zachary Flores,#kaQLp(dS0Oj,True,Miguelhaven Fields,492 Weaver Hollow  Laurenport  WY 84238
alexissmith@brooks.com,Colleen Frey,O*3AI$CrnyhZ,False,South Kayla Fields,9257 Dustin View Apt. 917  New Donald  MA 40075
kjoseph@hotmail.com,Michael Jones MD,5%!V&s)7Yz2P,True,South Kayla Fields,9257 Dustin View Apt. 917  New Donald  MA 40075
tracyjones@gmail.com,Julia Taylor,+Hm*gh#WH0EI,False,South Kayla Fields,9257 Dustin View Apt. 917  New Donald  MA 40075
elizabethrobinson@yahoo.com,James Parker,ZAAHlP1Nl!3F,False,Johnland Plantation,72282 Holt Shoal  Anthonyfort  CA 43011
jmorris@mitchell.org,Calvin Mccarthy,6s)VCFgW^t6h,False,Johnland Plantation,72282 Holt Shoal  Anthonyfort  CA 43011
rdavis@hoover.info,Olivia Jones,QSBm2(ct%0bx,True,Johnland Plantation,72282 Holt Shoal  Anthonyfort  CA 43011
hlopez@hotmail.com,Paul Abbott,S8BueiNQ&BJn,False,Jonathanfurt Fields,845 Jeffery Isle  Brandonville  MN 73299
elizabethgarcia@george-robinson.com,Eric Aguirre,_Y+*aM+nwi0w,False,Jonathanfurt Fields,845 Jeffery Isle  Brandonville  MN 73299
michael62@shaw-wise.com,Samantha Williams,S4x1x)a(*AZB,False,Melodybury Orchard,176 Jones Estate  Port Jamiemouth  OK 98257
mcarter@stephens.org,Ryan Harris,H33ikpy3h(4J,True,Melodybury Orchard,176 Jones Estate  Port Jamiemouth  OK 98257
taramills@white.com,Dwayne Evans,_suaFTcU!+N7,False,Melodybury Orchard,176 Jones Estate  Port Jamiemouth  OK 98257
jennifer28@hotmail.com,Michael Strickland,)9kp(wNe7N%+,False,North Mario Orchard,4079 Marcus Expressway  Donaldberg  IL 65284
uoliver@sullivan.com,Anne Sexton,GL^C8Vf#l7*0,False,Lynchhaven Farm,49952 Brittany Heights Apt. 542  Cardenaston  CT 69093
ashleyberger@hernandez.com,Andre Yu,lUc4Y!im)r&E,True,Lynchhaven Farm,49952 Brittany Heights Apt. 542  Cardenaston  CT 69093
eric47@gmail.com,Mrs. Jennifer Ferguson DVM,qC0qNFlI(mxH,False,Garciaport Plantation,Unit 1222 Box 9877  DPO AA 76388
gwest@sawyer.info,Mark Peterson,I+1cFJkp7Pb4,False,Garciaport Plantation,Unit 1222 Box 9877  DPO AA 76388
nicolas74@king.com,Luis Anderson,(5xPnnU)(H+T,False,Garciaport Plantation,Unit 1222 Box 9877  DPO AA 76388
geraldyates@hotmail.com,Kenneth Bell,QjcBZ%#U_^14,False,Kimberlyville Orchard,1693 Roberts Extension Suite 375  Port Joel  MA 52118
dawn92@yahoo.com,Clarence Zimmerman,a(10JPpLI5jQ,False,Kimberlyville Orchard,1693 Roberts Extension Suite 375  Port Joel  MA 52118
isaac50@gmail.com,Danielle Davis,Z08p0#zi@AAr,True,Kimberlyville Orchard,1693 Roberts Extension Suite 375  Port Joel  MA 52118
natalieklein@gmail.com,Rachel Bennett,$!6nE0dr81Mn,True,Tamarashire Farm,2154 Andrew Knoll Suite 387  East Mariastad  VA 12721
cbird@martinez.com,Sharon Potts,!4ZjMSi4Po6L,True,Tamarashire Farm,2154 Andrew Knoll Suite 387  East Mariastad  VA 12721
vsmith@yahoo.com,Kenneth Smith,B1Vui9L!^P^m,False,West Gavin Orchard,973 Hanna Summit  Roymouth  OH 06316
amy10@stewart.com,Adam Tate,_&C_gRr)$58B,True,West Gavin Orchard,973 Hanna Summit  Roymouth  OH 06316
hendricksholly@hotmail.com,Megan Curry,oq1V8Vyu#yNj,False,West Gavin Orchard,973 Hanna Summit  Roymouth  OH 06316
michaeltorres@gmail.com,Bradley Rodriguez DVM,%T#XJYhX06z9,False,Burkeberg Fields,56779 Antonio Valleys  Maryfurt  UT 48201
xjohnson@yahoo.com,Lawrence Smith,&jPfP+k8#M2+,False,Lisamouth Fields,743 Payne Inlet Suite 604  Hornefurt  ME 65419
ijoseph@turner-martin.com,Tiffany Reed,@3U)k$AC33&0,False,Lisamouth Fields,743 Payne Inlet Suite 604  Hornefurt  ME 65419
carterkayla@vargas-ho.net,David White,Csr4AzMMI*&9,False,Lisamouth Fields,743 Payne Inlet Suite 604  Hornefurt  ME 65419
patricia95@gmail.com,Theresa Wilson,+zC5zQhNr6na,True,New Lisahaven Fields,52009 Todd Drives  Watersbury  AR 76987
ricky58@green.com,Sarah Gardner,)1XIsnbBA4W8,True,West Karen Greenhouse,76148 Devin Rapids Apt. 233  Patrickborough  WA 85779
lcisneros@rodriguez.com,Michael Baldwin,wR@)QMUx)gA2,True,West Karen Greenhouse,76148 Devin Rapids Apt. 233  Patrickborough  WA 85779
hortiz@gmail.com,Jessica Johnson,1TCQgNAX&m0q,False,West Karen Greenhouse,76148 Devin Rapids Apt. 233  Patrickborough  WA 85779
michelle07@yahoo.com,Laura Hancock,wJXSr3dAS47+,True,Evansmouth Orchard,00754 Kevin Cliff Apt. 911  West Mariemouth  AK 51508
qgibson@yahoo.com,Seth Small,WARrj@As+6$I,True,New Lisa Fields,1758 Bell Viaduct  Port Annahaven  OR 54287
vanessatorres@hotmail.com,Thomas Jones,q4LETPqp&oiZ,False,Lindamouth Greenhouse,790 Lee Green Apt. 503  Gainesport  WY 37839
kcollins@hotmail.com,Johnny Watson,@#zYBGNyj5Sz,False,Lindamouth Greenhouse,790 Lee Green Apt. 503  Gainesport  WY 37839
austinlawson@wood.com,Kenneth Dean,^g8gTHndxqu@,True,Nicholsside Plantation,PSC 5448  Box 1862  APO AP 72145
mirandamark@west.org,John Carroll,&E2Vs+^_&2gQ,True,East John Orchard,4647 Jessica Knolls Apt. 951  Lynnhaven  NY 39250
justin36@yang-lawrence.com,Kayla Perez,q@D+EEPn@*7k,True,North Michaelside Orchard,04063 Alison Stream Suite 670  Garciafort  AR 80614
danielsavage@lee.net,Deborah Nguyen,O4#vkG@efhWF,False,North Michaelside Orchard,04063 Alison Stream Suite 670  Garciafort  AR 80614
phillip69@williams.com,Alexander Miller,S%rxNZaLcV8R,True,South Jonathan Plantation,45289 Nicholas Manor  Christineview  KY 63086
cristinaadams@hotmail.com,David Larson,^q2nSc5o(!N1,True,East Julieview Orchard,78069 Kelly Shoal  East Anthonytown  AL 91173
jason62@hotmail.com,Shelley Peterson,7*T0%ruuu!25,True,East Daniel Fields,664 Daniel Station  Leslieport  IA 49458
jessica81@yahoo.com,Samantha Johnson,&5W#FFurA4XK,True,Susantown Orchard,Unit 9650 Box 3978  DPO AE 35638
josephhamilton@yahoo.com,Jordan Williams,_IFs6Bc4S7W&,False,East Daniellestad Plantation,616 Davis Plain  Kleinberg  CT 80195
kelly75@hensley.com,Taylor Wade,+2DDgJlJ0LS*,True,East Daniellestad Plantation,616 Davis Plain  Kleinberg  CT 80195
ubishop@owens.com,Nancy Leon,29IH9HEhWcQ+,True,Lake Samantha Farm,9008 Edward Mission  Lake Gabrielland  MN 90986
kennethsherman@gmail.com,Patricia Hartman,6b37ukCZ(JeY,True,Lake Samantha Farm,9008 Edward Mission  Lake Gabrielland  MN 90986
laurenreynolds@gmail.com,Robert Shelton,n@Q+iCd#N*7R,True,East Brianside Greenhouse,5894 Elizabeth Gardens  Lake Brent  WY 75365
christopher89@williams.com,Marcus Riley,6xLwqNmp+$4w,False,East Brianside Greenhouse,5894 Elizabeth Gardens  Lake Brent  WY 75365
michele74@marsh.net,Ashlee Bailey,^tC8jGuiN49S,True,South Elizabethtown Fields,1114 Taylor Brooks Suite 156  Andersonville  MS 09094
christinebradley@horton.com,Mark Nelson,+0IV)4#pwj7o,False,South Elizabethtown Fields,1114 Taylor Brooks Suite 156  Andersonville  MS 09094
marymacias@yahoo.com,Kimberly Johnson,FeF8AiImWw*e,False,South Elizabethtown Fields,1114 Taylor Brooks Suite 156  Andersonville  MS 09094
churchchristian@foster.biz,Casey Owens,Lo9^H3Jep^6T,False,Traceyhaven Fields,287 Suarez Junction  North Rhonda  NC 74862
mary04@gmail.com,Randall Mason,NCV)9ZcqhBAH,False,Melissaland Plantation,50321 Alan Lodge Apt. 717  Gillespieton  AZ 46319
vle@owens.com,Amanda Johnson,I8S1Tm&G+PIh,False,New Christopherville Farm,6494 Walker Orchard  North Amy  VA 38697
nmiller@yahoo.com,Jeffrey Garcia,i1k+7Kmx&qjh,True,New Christopherville Farm,6494 Walker Orchard  North Amy  VA 38697
dwolf@shaffer.com,Mark Bennett,oweSO1Rg(79S,True,New Christopherville Farm,6494 Walker Orchard  North Amy  VA 38697
amber29@beck.com,Samuel Fisher,n8Ns0EaCa(z),False,Medinahaven Plantation,713 Smith Plains Apt. 750  Bryanville  LA 85642
kimberly24@yahoo.com,Jamie Griffin,H_L^Mcl4%R3I,False,South Shawn Plantation,50353 Sanders Curve  West Alexview  MS 28845
ntorres@meyer-crosby.com,John Knight,)GbT2CqOHN@Z,True,South Shawn Plantation,50353 Sanders Curve  West Alexview  MS 28845
blairalfred@davis.com,Katherine Hayden,!Or4%CUeyEcK,True,South Shawn Plantation,50353 Sanders Curve  West Alexview  MS 28845
margaretpham@jenkins.com,Justin Thomas,Y_3NwenKL#SY,True,South Sarah Orchard,924 Joel Prairie  West John  MS 52484
timothyross@garcia-gordon.com,Tim Riggs,LGk6Yw9wp$X5,True,South Sarah Orchard,924 Joel Prairie  West John  MS 52484
wmayer@hotmail.com,Sharon Jones,c3)LNofY#tTb,True,South Sarah Orchard,924 Joel Prairie  West John  MS 52484
