UserName,Email,PasswordHash
Alice Johnson,alice.johnson@example.com,5f4dcc3b5aa765d61d8327deb882cf99
Bob Smith,bob.smith@example.com,6cb75f652a9b52798eb6cf2201057c73
Charlie Brown,charlie.brown@example.com,3a7bd3e2360a3dedd81e3fc0a3249eef
David Wilson,david.wilson@example.com,1d7f7abc18fcb43975065399b0d1e48e
Ella Davis,ella.davis@example.com,e99a18c428cb38d5f260853678922e03
Fiona Clark,fiona.clark@example.com,098f6bcd4621d373cade4e832627b4f6
George Martin,george.martin@example.com,b6d767d2f8ed5d21a44b0e5886680cb9
Hannah Scott,hannah.scott@example.com,c33367701511b4f6020ec61ded352059
Ian Wright,ian.wright@example.com,8f14e45fceea167a5a36dedd4bea2543
Jane Adams,jane.adams@example.com,45c48cce2e2d7fbdea1afc51c7c6ad26
Kevin Hill,kevin.hill@example.com,d41d8cd98f00b204e9800998ecf8427e
Laura Green,laura.green@example.com,e4da3b7fbbce2345d7772b0674a318d5
Mike Taylor,mike.taylor@example.com,1679091c5a880faf6fb5e6087eb1b2dc
